date,cases_new,cases_recovered,cases_active
"Saturday, 25 January, 2020",4,0,4
"Sunday, 26 January, 2020",0,0,4
"Monday, 27 January, 2020",0,0,4
"Tuesday, 28 January, 2020",0,0,4
"Wednesday, 29 January, 2020",3,0,7
"Thursday, 30 January, 2020",1,0,8
"Friday, 31 January, 2020",0,0,8
"Saturday, 1 February, 2020",0,0,8
"Sunday, 2 February, 2020",0,0,8
"Monday, 3 February, 2020",0,0,8
"Tuesday, 4 February, 2020",2,0,10
"Wednesday, 5 February, 2020",2,1,11
"Thursday, 6 February, 2020",2,0,13
"Friday, 7 February, 2020",1,0,14
"Saturday, 8 February, 2020",1,1,14
"Sunday, 9 February, 2020",1,1,14
"Monday, 10 February, 2020",1,0,15
"Tuesday, 11 February, 2020",0,0,15
"Wednesday, 12 February, 2020",0,0,15
"Thursday, 13 February, 2020",0,0,15
"Friday, 14 February, 2020",1,4,12
"Saturday, 15 February, 2020",3,1,14
"Sunday, 16 February, 2020",0,0,14
"Monday, 17 February, 2020",0,3,11
"Tuesday, 18 February, 2020",0,2,9
"Wednesday, 19 February, 2020",0,4,5
"Thursday, 20 February, 2020",0,0,5
"Friday, 21 February, 2020",0,0,5
"Saturday, 22 February, 2020",0,1,4
"Sunday, 23 February, 2020",0,0,4
"Monday, 24 February, 2020",0,2,2
"Tuesday, 25 February, 2020",0,0,2
"Wednesday, 26 February, 2020",0,0,2
"Thursday, 27 February, 2020",1,2,1
"Friday, 28 February, 2020",2,0,3
"Saturday, 29 February, 2020",0,0,3
"Sunday, 1 March, 2020",4,0,7
"Monday, 2 March, 2020",0,0,7
"Tuesday, 3 March, 2020",7,0,14
"Wednesday, 4 March, 2020",14,1,27
"Thursday, 5 March, 2020",5,0,32
"Friday, 6 March, 2020",28,0,60
"Saturday, 7 March, 2020",10,1,69
"Sunday, 8 March, 2020",6,1,74
"Monday, 9 March, 2020",18,1,91
"Tuesday, 10 March, 2020",12,0,103
"Wednesday, 11 March, 2020",20,1,122
"Thursday, 12 March, 2020",9,6,125
"Friday, 13 March, 2020",39,0,164
"Saturday, 14 March, 2020",41,4,201
"Sunday, 15 March, 2020",190,5,386
"Monday, 16 March, 2020",125,0,511
"Tuesday, 17 March, 2020",120,7,622
"Wednesday, 18 March, 2020",117,11,728
"Thursday, 19 March, 2020",110,15,823
"Friday, 20 March, 2020",130,12,940
"Saturday, 21 March, 2020",153,27,1062
"Sunday, 22 March, 2020",123,25,1156
"Monday, 23 March, 2020",212,20,1343
"Tuesday, 24 March, 2020",106,24,1423
"Wednesday, 25 March, 2020",172,16,1576
"Thursday, 26 March, 2020",235,16,1790
"Friday, 27 March, 2020",130,44,1874
"Saturday, 28 March, 2020",159,61,1966
"Sunday, 29 March, 2020",150,68,2043
"Monday, 30 March, 2020",156,90,2105
"Tuesday, 31 March, 2020",140,58,2182
"Wednesday, 1 April, 2020",142,108,2214
"Thursday, 2 April, 2020",208,122,2298
"Friday, 3 April, 2020",217,60,2450
"Saturday, 4 April, 2020",150,88,2509
"Sunday, 5 April, 2020",179,90,2596
"Monday, 6 April, 2020",131,236,2489
"Tuesday, 7 April, 2020",170,80,2578
"Wednesday, 8 April, 2020",156,166,2567
"Thursday, 9 April, 2020",109,121,2553
"Friday, 10 April, 2020",118,222,2446
"Saturday, 11 April, 2020",184,165,2462
"Sunday, 12 April, 2020",153,113,2497
"Monday, 13 April, 2020",134,168,2462
"Tuesday, 14 April, 2020",170,202,2427
"Wednesday, 15 April, 2020",85,169,2341
"Thursday, 16 April, 2020",110,119,2330
"Friday, 17 April, 2020",69,201,2197
"Saturday, 18 April, 2020",54,135,2116
"Sunday, 19 April, 2020",84,95,2104
"Monday, 20 April, 2020",36,98,2041
"Tuesday, 21 April, 2020",57,54,2042
"Wednesday, 22 April, 2020",50,103,1987
"Thursday, 23 April, 2020",71,90,1967
"Friday, 24 April, 2020",88,121,1933
"Saturday, 25 April, 2020",51,99,1883
"Sunday, 26 April, 2020",38,100,1821
"Monday, 27 April, 2020",40,95,1765
"Tuesday, 28 April, 2020",31,75,1720
"Wednesday, 29 April, 2020",94,55,1758
"Thursday, 30 April, 2020",57,84,1729
"Friday, 1 May, 2020",69,39,1759
"Saturday, 2 May, 2020",105,116,1747
"Sunday, 3 May, 2020",122,87,1781
"Monday, 4 May, 2020",55,71,1765
"Tuesday, 5 May, 2020",30,83,1710
"Wednesday, 6 May, 2020",45,135,1620
"Thursday, 7 May, 2020",39,74,1584
"Friday, 8 May, 2020",68,88,1564
"Saturday, 9 May, 2020",54,65,1552
"Sunday, 10 May, 2020",67,96,1522
"Monday, 11 May, 2020",70,88,1504
"Tuesday, 12 May, 2020",16,110,1409
"Wednesday, 13 May, 2020",37,58,1386
"Thursday, 14 May, 2020",40,70,1356
"Friday, 15 May, 2020",36,88,1304
"Saturday, 16 May, 2020",17,73,1248
"Sunday, 17 May, 2020",22,59,1211
"Monday, 18 May, 2020",47,44,1213
"Tuesday, 19 May, 2020",37,31,1219
"Wednesday, 20 May, 2020",31,60,1190
"Thursday, 21 May, 2020",50,90,1149
"Friday, 22 May, 2020",78,63,1164
"Saturday, 23 May, 2020",48,53,1159
"Sunday, 24 May, 2020",60,33,1186
"Monday, 25 May, 2020",172,34,1324
"Tuesday, 26 May, 2020",187,62,1449
"Wednesday, 27 May, 2020",15,42,1422
"Thursday, 28 May, 2020",10,86,1346
"Friday, 29 May, 2020",103,66,1383
"Saturday, 30 May, 2020",30,95,1318
"Sunday, 31 May, 2020",57,23,1352
"Monday, 1 June, 2020",38,51,1339
"Tuesday, 2 June, 2020",20,66,1293
"Wednesday, 3 June, 2020",93,61,1325
"Thursday, 4 June, 2020",277,28,1573
"Friday, 5 June, 2020",19,51,1540
"Saturday, 6 June, 2020",37,25,1552
"Sunday, 7 June, 2020",19,39,1532
"Monday, 8 June, 2020",7,20,1519
"Tuesday, 9 June, 2020",7,281,1245
"Wednesday, 10 June, 2020",2,39,1207
"Thursday, 11 June, 2020",31,51,1186
"Friday, 12 June, 2020",33,103,1114
"Saturday, 13 June, 2020",43,143,1014
"Sunday, 14 June, 2020",8,35,987
"Monday, 15 June, 2020",41,54,974
"Tuesday, 16 June, 2020",11,333,652
"Wednesday, 17 June, 2020",10,140,522
"Thursday, 18 June, 2020",14,127,409
"Friday, 19 June, 2020",6,70,345
"Saturday, 20 June, 2020",21,76,290
"Sunday, 21 June, 2020",16,10,296
"Monday, 22 June, 2020",15,21,290
"Tuesday, 23 June, 2020",3,9,284
"Wednesday, 24 June, 2020",6,45,245
"Thursday, 25 June, 2020",4,40,209
"Friday, 26 June, 2020",6,23,192
"Saturday, 27 June, 2020",10,14,188
"Sunday, 28 June, 2020",18,10,196
"Monday, 29 June, 2020",3,16,183
"Tuesday, 30 June, 2020",2,20,165
"Wednesday, 1 July, 2020",1,21,145
"Thursday, 2 July, 2020",3,62,86
"Friday, 3 July, 2020",5,9,82
"Saturday, 4 July, 2020",10,15,77
"Sunday, 5 July, 2020",5,4,78
"Monday, 6 July, 2020",5,11,72
"Tuesday, 7 July, 2020",6,5,73
"Wednesday, 8 July, 2020",3,5,71
"Thursday, 9 July, 2020",6,13,64
"Friday, 10 July, 2020",13,12,64
"Saturday, 11 July, 2020",8,4,68
"Sunday, 12 July, 2020",14,4,78
"Monday, 13 July, 2020",7,1,84
"Tuesday, 14 July, 2020",4,4,84
"Wednesday, 15 July, 2020",5,2,87
"Thursday, 16 July, 2020",3,12,78
"Friday, 17 July, 2020",18,3,92
"Saturday, 18 July, 2020",9,5,96
"Sunday, 19 July, 2020",15,7,104
"Monday, 20 July, 2020",21,2,123
"Tuesday, 21 July, 2020",15,7,131
"Wednesday, 22 July, 2020",16,4,143
"Thursday, 23 July, 2020",9,8,144
"Friday, 24 July, 2020",21,3,162
"Saturday, 25 July, 2020",23,17,168
"Sunday, 26 July, 2020",13,6,174
"Monday, 27 July, 2020",7,1,180
"Tuesday, 28 July, 2020",39,6,213
"Wednesday, 29 July, 2020",13,5,220
"Thursday, 30 July, 2020",8,5,223
"Friday, 31 July, 2020",12,27,208
"Saturday, 1 August, 2020",9,3,214
"Sunday, 2 August, 2020",14,17,211
"Monday, 3 August, 2020",2,4,209
"Tuesday, 4 August, 2020",1,16,194
"Wednesday, 5 August, 2020",21,18,197
"Thursday, 6 August, 2020",15,11,201
"Friday, 7 August, 2020",25,15,211
"Saturday, 8 August, 2020",7,47,171
"Sunday, 9 August, 2020",13,9,175
"Monday, 10 August, 2020",11,19,167
"Tuesday, 11 August, 2020",9,6,170
"Wednesday, 12 August, 2020",11,8,173
"Thursday, 13 August, 2020",15,4,184
"Friday, 14 August, 2020",20,7,197
"Saturday, 15 August, 2020",26,3,220
"Sunday, 16 August, 2020",25,28,217
"Monday, 17 August, 2020",12,17,212
"Tuesday, 18 August, 2020",7,26,193
"Wednesday, 19 August, 2020",16,23,186
"Thursday, 20 August, 2020",5,7,184
"Friday, 21 August, 2020",9,13,180
"Saturday, 22 August, 2020",8,4,184
"Sunday, 23 August, 2020",10,10,184
"Monday, 24 August, 2020",7,6,185
"Tuesday, 25 August, 2020",11,6,190
"Wednesday, 26 August, 2020",6,7,189
"Thursday, 27 August, 2020",5,16,178
"Friday, 28 August, 2020",10,36,152
"Saturday, 29 August, 2020",11,8,154
"Sunday, 30 August, 2020",17,10,160
"Monday, 31 August, 2020",6,6,160
"Tuesday, 1 September, 2020",14,21,152
"Wednesday, 2 September, 2020",6,4,154
"Thursday, 3 September, 2020",14,4,164
"Friday, 4 September, 2020",11,9,166
"Saturday, 5 September, 2020",6,21,151
"Sunday, 6 September, 2020",6,2,155
"Monday, 7 September, 2020",62,9,208
"Tuesday, 8 September, 2020",100,12,296
"Wednesday, 9 September, 2020",24,7,313
"Thursday, 10 September, 2020",45,24,334
"Friday, 11 September, 2020",182,14,502
"Saturday, 12 September, 2020",58,8,552
"Sunday, 13 September, 2020",47,7,592
"Monday, 14 September, 2020",31,7,615
"Tuesday, 15 September, 2020",23,6,632
"Wednesday, 16 September, 2020",62,26,668
"Thursday, 17 September, 2020",21,15,674
"Friday, 18 September, 2020",95,14,754
"Saturday, 19 September, 2020",20,51,722
"Sunday, 20 September, 2020",52,40,734
"Monday, 21 September, 2020",57,40,751
"Tuesday, 22 September, 2020",82,168,664
"Wednesday, 23 September, 2020",147,39,771
"Thursday, 24 September, 2020",72,64,779
"Friday, 25 September, 2020",110,30,859
"Saturday, 26 September, 2020",82,89,851
"Sunday, 27 September, 2020",150,50,950
"Monday, 28 September, 2020",115,54,1010
"Tuesday, 29 September, 2020",101,50,1061
"Wednesday, 30 September, 2020",89,28,1122
"Thursday, 1 October, 2020",260,47,1335
"Friday, 2 October, 2020",287,81,1539
"Saturday, 3 October, 2020",317,121,1734
"Sunday, 4 October, 2020",293,67,1958
"Monday, 5 October, 2020",432,57,2330
"Tuesday, 6 October, 2020",691,87,2933
"Wednesday, 7 October, 2020",489,74,3345
"Thursday, 8 October, 2020",375,18,3697
"Friday, 9 October, 2020",354,188,3859
"Saturday, 10 October, 2020",374,73,4157
"Sunday, 11 October, 2020",561,133,4582
"Monday, 12 October, 2020",563,109,5033
"Tuesday, 13 October, 2020",660,350,5339
"Wednesday, 14 October, 2020",660,233,5762
"Thursday, 15 October, 2020",589,409,5940
"Friday, 16 October, 2020",629,245,6318
"Saturday, 17 October, 2020",869,302,6879
"Sunday, 18 October, 2020",871,701,7047
"Monday, 19 October, 2020",865,455,7450
"Tuesday, 20 October, 2020",862,634,7674
"Wednesday, 21 October, 2020",732,580,7819
"Thursday, 22 October, 2020",847,486,8169
"Friday, 23 October, 2020",710,467,8403
"Saturday, 24 October, 2020",1228,671,8957
"Sunday, 25 October, 2020",823,579,9195
"Monday, 26 October, 2020",1240,691,9742
"Tuesday, 27 October, 2020",835,674,9901
"Wednesday, 28 October, 2020",801,573,10119
"Thursday, 29 October, 2020",649,685,10079
"Friday, 30 October, 2020",799,491,10384
"Saturday, 31 October, 2020",659,1000,10038
"Sunday, 1 November, 2020",957,972,10020
"Monday, 2 November, 2020",834,900,9952
"Tuesday, 3 November, 2020",1054,875,10129
"Wednesday, 4 November, 2020",1032,820,10340
"Thursday, 5 November, 2020",1009,839,10504
"Friday, 6 November, 2020",1755,726,11531
"Saturday, 7 November, 2020",1168,1029,11667
"Sunday, 8 November, 2020",852,825,11690
"Monday, 9 November, 2020",972,1345,11309
"Tuesday, 10 November, 2020",869,725,11447
"Wednesday, 11 November, 2020",822,769,11498
"Thursday, 12 November, 2020",919,996,11420
"Friday, 13 November, 2020",1304,900,11823
"Saturday, 14 November, 2020",1114,803,12132
"Sunday, 15 November, 2020",1208,1013,12324
"Monday, 16 November, 2020",1103,821,12602
"Tuesday, 17 November, 2020",1210,1018,12789
"Wednesday, 18 November, 2020",660,630,12815
"Thursday, 19 November, 2020",1290,878,13223
"Friday, 20 November, 2020",958,956,13222
"Saturday, 21 November, 2020",1041,1405,12855
"Sunday, 22 November, 2020",1096,1104,12844
"Monday, 23 November, 2020",1884,883,13843
"Tuesday, 24 November, 2020",2188,1673,14354
"Wednesday, 25 November, 2020",970,2348,12972
"Thursday, 26 November, 2020",935,2555,11349
"Friday, 27 November, 2020",1109,1148,11308
"Saturday, 28 November, 2020",1315,1110,11509
"Sunday, 29 November, 2020",1309,1333,11482
"Monday, 30 November, 2020",1212,2112,10579
"Tuesday, 1 December, 2020",1472,1552,10497
"Wednesday, 2 December, 2020",851,658,10688
"Thursday, 3 December, 2020",1075,948,10804
"Friday, 4 December, 2020",1141,1144,10801
"Saturday, 5 December, 2020",1123,1143,10777
"Sunday, 6 December, 2020",1335,1069,11040
"Monday, 7 December, 2020",1600,1033,11605
"Tuesday, 8 December, 2020",1012,1750,10863
"Wednesday, 9 December, 2020",959,1068,10749
"Thursday, 10 December, 2020",2234,1112,11868
"Friday, 11 December, 2020",1810,937,12735
"Saturday, 12 December, 2020",1937,911,13752
"Sunday, 13 December, 2020",1229,1309,13668
"Monday, 14 December, 2020",1371,1204,13831
"Tuesday, 15 December, 2020",1772,1084,14516
"Wednesday, 16 December, 2020",1295,1052,14752
"Thursday, 17 December, 2020",1220,1297,14672
"Friday, 18 December, 2020",1683,1214,15141
"Saturday, 19 December, 2020",1153,998,15295
"Sunday, 20 December, 2020",1340,1067,15564
"Monday, 21 December, 2020",2018,1084,16497
"Tuesday, 22 December, 2020",2062,911,17647
"Wednesday, 23 December, 2020",1348,710,18280
"Thursday, 24 December, 2020",1581,1085,18774
"Friday, 25 December, 2020",1247,1441,18577
"Saturday, 26 December, 2020",2335,874,20036
"Sunday, 27 December, 2020",1196,997,20234
"Monday, 28 December, 2020",1594,1181,20644
"Tuesday, 29 December, 2020",1925,1123,21444
"Wednesday, 30 December, 2020",1870,745,22563
"Thursday, 31 December, 2020",2525,1481,23599
"Friday, 1 January, 2021",2068,2230,23434
"Saturday, 2 January, 2021",2295,3321,22399
"Sunday, 3 January, 2021",1704,2726,21366
"Monday, 4 January, 2021",1741,1010,22090
"Tuesday, 5 January, 2021",2027,1221,22885
"Wednesday, 6 January, 2021",2593,1129,24348
"Thursday, 7 January, 2021",3027,2145,25222
"Friday, 8 January, 2021",2643,2708,25141
"Saturday, 9 January, 2021",2451,1401,26186
"Sunday, 10 January, 2021",2433,1277,27333
"Monday, 11 January, 2021",2232,1006,28555
"Tuesday, 12 January, 2021",3309,1469,30391
"Wednesday, 13 January, 2021",2985,994,32378
"Thursday, 14 January, 2021",3337,1710,33990
"Friday, 15 January, 2021",3211,1939,35254
"Saturday, 16 January, 2021",4029,2148,37127
"Sunday, 17 January, 2021",3339,2676,37783
"Monday, 18 January, 2021",3306,2293,38792
"Tuesday, 19 January, 2021",3631,2944,39465
"Wednesday, 20 January, 2021",4008,2374,41088
"Thursday, 21 January, 2021",3170,2490,41756
"Friday, 22 January, 2021",3631,2554,42815
"Saturday, 23 January, 2021",4275,4313,42770
"Sunday, 24 January, 2021",3346,4427,41678
"Monday, 25 January, 2021",3048,3638,41077
"Tuesday, 26 January, 2021",3585,4076,40575
"Wednesday, 27 January, 2021",3680,1858,42390
"Thursday, 28 January, 2021",4094,3281,43193
"Friday, 29 January, 2021",5725,3423,45479
"Saturday, 30 January, 2021",5728,3805,47389
"Sunday, 31 January, 2021",5298,4522,48151
"Monday, 1 February, 2021",4214,4280,48075
"Tuesday, 2 February, 2021",3455,3661,47848
"Wednesday, 3 February, 2021",4284,3804,48310
"Thursday, 4 February, 2021",4571,4092,48772
"Friday, 5 February, 2021",3391,3392,48752
"Saturday, 6 February, 2021",3847,1692,50895
"Sunday, 7 February, 2021",3731,3369,51242
"Monday, 8 February, 2021",3100,2340,51978
"Tuesday, 9 February, 2021",2764,3887,50842
"Wednesday, 10 February, 2021",3288,1929,52187
"Thursday, 11 February, 2021",3384,3774,51796
"Friday, 12 February, 2021",3318,3505,51591
"Saturday, 13 February, 2021",3499,3515,51569
"Sunday, 14 February, 2021",2464,4525,49500
"Monday, 15 February, 2021",2176,4521,47144
"Tuesday, 16 February, 2021",2720,5718,44137
"Wednesday, 17 February, 2021",2998,5709,41403
"Thursday, 18 February, 2021",2712,5320,38794
"Friday, 19 February, 2021",2936,4889,36802
"Saturday, 20 February, 2021",2461,4782,34472
"Sunday, 21 February, 2021",3297,4456,33307
"Monday, 22 February, 2021",2192,3414,32078
"Tuesday, 23 February, 2021",2468,4055,30471
"Wednesday, 24 February, 2021",3545,3331,30673
"Thursday, 25 February, 2021",1924,3752,28832
"Friday, 26 February, 2021",2253,3085,27990
"Saturday, 27 February, 2021",2364,3320,27024
"Sunday, 28 February, 2021",2437,3251,26201
"Monday, 1 March, 2021",1828,2486,25538
"Tuesday, 2 March, 2021",1555,2528,24559
"Wednesday, 3 March, 2021",1745,2276,24021
"Thursday, 4 March, 2021",2063,2922,23157
"Friday, 5 March, 2021",2154,3275,22030
"Saturday, 6 March, 2021",1680,2548,21155
"Sunday, 7 March, 2021",1683,2506,20329
"Monday, 8 March, 2021",1529,2076,19774
"Tuesday, 9 March, 2021",1280,2345,18700
"Wednesday, 10 March, 2021",1448,2137,18006
"Thursday, 11 March, 2021",1647,2104,17540
"Friday, 12 March, 2021",1575,2042,17070
"Saturday, 13 March, 2021",1470,1830,16707
"Sunday, 14 March, 2021",1354,1782,16275
"Monday, 15 March, 2021",1208,1973,15507
"Tuesday, 16 March, 2021",1063,1365,15200
"Wednesday, 17 March, 2021",1219,1346,15071
"Thursday, 18 March, 2021",1213,1503,14778
"Friday, 19 March, 2021",1576,1996,14356
"Saturday, 20 March, 2021",1671,1585,14438
"Sunday, 21 March, 2021",1327,1247,14514
"Monday, 22 March, 2021",1116,1495,14130
"Tuesday, 23 March, 2021",1384,1058,14455
"Wednesday, 24 March, 2021",1268,1083,14638
"Thursday, 25 March, 2021",1360,1491,14505
"Friday, 26 March, 2021",1275,1509,14270
"Saturday, 27 March, 2021",1199,1257,14210
"Sunday, 28 March, 2021",1302,1127,14381
"Monday, 29 March, 2021",941,1097,14220
"Tuesday, 30 March, 2021",1133,1148,14201
"Wednesday, 31 March, 2021",1482,1070,14605
"Thursday, 1 April, 2021",1178,1377,14400
"Friday, 2 April, 2021",1294,1442,14247
"Saturday, 3 April, 2021",1638,1449,14433
"Sunday, 4 April, 2021",1349,1270,14510
"Monday, 5 April, 2021",1070,1294,14279
"Tuesday, 6 April, 2021",1300,1412,14162
"Wednesday, 7 April, 2021",1139,1199,14098
"Thursday, 8 April, 2021",1285,1175,14204
"Friday, 9 April, 2021",1854,1247,14806
"Saturday, 10 April, 2021",1510,1248,15060
"Sunday, 11 April, 2021",1739,1216,15575
"Monday, 12 April, 2021",1317,1052,15836
"Tuesday, 13 April, 2021",1767,1290,16301
"Wednesday, 14 April, 2021",1889,1485,16697
"Thursday, 15 April, 2021",2148,1259,17576
"Friday, 16 April, 2021",2551,1524,18601
"Saturday, 17 April, 2021",2331,1832,19095
"Sunday, 18 April, 2021",2195,1427,19855
"Monday, 19 April, 2021",2078,1402,20523
"Tuesday, 20 April, 2021",2341,1592,21269
"Wednesday, 21 April, 2021",2340,1910,21688
"Thursday, 22 April, 2021",2875,2541,22015
"Friday, 23 April, 2021",2847,2341,22513
"Saturday, 24 April, 2021",2717,2292,22927
"Sunday, 25 April, 2021",2690,1853,23754
"Monday, 26 April, 2021",2776,1803,24714
"Tuesday, 27 April, 2021",2733,2019,25415
"Wednesday, 28 April, 2021",3142,1822,26720
"Thursday, 29 April, 2021",3332,1943,28094
"Friday, 30 April, 2021",3788,2640,29228
"Saturday, 1 May, 2021",2881,2462,29632
"Sunday, 2 May, 2021",3418,2698,30340
"Monday, 3 May, 2021",2500,2068,30754
"Tuesday, 4 May, 2021",3120,2334,31517
"Wednesday, 5 May, 2021",3744,2304,32940
"Thursday, 6 May, 2021",3551,2709,33763
"Friday, 7 May, 2021",4498,3449,34790
"Saturday, 8 May, 2021",4519,2719,36565
"Sunday, 9 May, 2021",3733,3211,37061
"Monday, 10 May, 2021",3807,3454,37397
"Tuesday, 11 May, 2021",3973,2848,38500
"Wednesday, 12 May, 2021",4765,3124,40102
"Thursday, 13 May, 2021",4855,3347,41583
"Friday, 14 May, 2021",4113,4190,41472
"Saturday, 15 May, 2021",4140,3432,42136
"Sunday, 16 May, 2021",3780,3990,41890
"Monday, 17 May, 2021",4446,2784,43507
"Tuesday, 18 May, 2021",4865,3497,44828
"Wednesday, 19 May, 2021",6075,3516,47341
"Thursday, 20 May, 2021",6806,3916,50172
"Friday, 21 May, 2021",6493,4508,52107
"Saturday, 22 May, 2021",6320,4694,53683
"Sunday, 23 May, 2021",6976,3587,57023
"Monday, 24 May, 2021",6509,3452,60019
"Tuesday, 25 May, 2021",7289,3789,63459
"Wednesday, 26 May, 2021",7478,4665,66209
"Thursday, 27 May, 2021",7857,4598,69409
"Friday, 28 May, 2021",8290,4814,72824
"Saturday, 29 May, 2021",9020,5527,76219
"Sunday, 30 May, 2021",6999,5121,78018
"Monday, 31 May, 2021",6824,5251,79524
"Tuesday, 1 June, 2021",7105,6083,80475
"Wednesday, 2 June, 2021",7703,5777,82275
"Thursday, 3 June, 2021",8209,7049,83332
"Friday, 4 June, 2021",7748,6624,84370
"Saturday, 5 June, 2021",7452,6105,85608
"Sunday, 6 June, 2021",6241,5133,86629
"Monday, 7 June, 2021",5271,7548,84270
"Tuesday, 8 June, 2021",5566,6962,82798
"Wednesday, 9 June, 2021",6239,7386,81576
"Thursday, 10 June, 2021",5671,7325,79849
"Friday, 11 June, 2021",6849,7749,78865
"Saturday, 12 June, 2021",5793,8334,76248
"Sunday, 13 June, 2021",5304,8163,73325
"Monday, 14 June, 2021",4949,6588,71626
"Tuesday, 15 June, 2021",5419,6831,70113
"Wednesday, 16 June, 2021",5150,7240,67950
"Thursday, 17 June, 2021",5738,7530,66098
"Friday, 18 June, 2021",6440,6861,65603
"Saturday, 19 June, 2021",5911,6918,64524
"Sunday, 20 June, 2021",5293,5941,63816
"Monday, 21 June, 2021",4611,5439,62919
"Tuesday, 22 June, 2021",4743,5557,62028
"Wednesday, 23 June, 2021",5244,6372,60817
"Thursday, 24 June, 2021",5841,5411,61163
"Friday, 25 June, 2021",5812,6775,60118
"Saturday, 26 June, 2021",5803,5193,60647
"Sunday, 27 June, 2021",5586,4777,61396
"Monday, 28 June, 2021",5218,4744,61813
"Tuesday, 29 June, 2021",6437,5298,62845
"Wednesday, 30 June, 2021",6276,4929,64130
"Thursday, 1 July, 2021",6988,5580,65454
"Friday, 2 July, 2021",6982,6278,66085
"Saturday, 3 July, 2021",6658,5677,66959
"Sunday, 4 July, 2021",6045,5271,67670
"Monday, 5 July, 2021",6387,4532,69448
"Tuesday, 6 July, 2021",7654,4797,72202
"Wednesday, 7 July, 2021",7097,4863,74345
"Thursday, 8 July, 2021",8868,5802,77276
"Friday, 9 July, 2021",9180,5713,80666
"Saturday, 10 July, 2021",9353,5910,84022
"Sunday, 11 July, 2021",9105,5194,87843
"Monday, 12 July, 2021",8574,5041,91273
"Tuesday, 13 July, 2021",11079,5990,96237
"Wednesday, 14 July, 2021",11618,6377,101360
"Thursday, 15 July, 2021",13215,6095,108370
"Friday, 16 July, 2021",12541,6742,114054
"Saturday, 17 July, 2021",12528,6629,119815
"Sunday, 18 July, 2021",10710,5778,124594
"Monday, 19 July, 2021",10972,6439,128998
"Tuesday, 20 July, 2021",12366,7567,133704
"Wednesday, 21 July, 2021",11985,7902,137588
"Thursday, 22 July, 2021",13034,8436,142052
"Friday, 23 July, 2021",15573,10094,147387
"Saturday, 24 July, 2021",15902,9471,153634
"Sunday, 25 July, 2021",17045,9683,160904
"Monday, 26 July, 2021",14516,9371,165842
"Tuesday, 27 July, 2021",16117,11526,170226
"Wednesday, 28 July, 2021",17405,12373,175115
"Thursday, 29 July, 2021",17170,12930,179181
"Friday, 30 July, 2021",16840,12179,183708
"Saturday, 31 July, 2021",17786,11718,189611
"Sunday, 1 August, 2021",17150,11326,195275
"Monday, 2 August, 2021",15764,11767,199053
"Tuesday, 3 August, 2021",17105,12297,203666
"Wednesday, 4 August, 2021",19819,12704,210524
"Thursday, 5 August, 2021",20596,13893,217063
"Friday, 6 August, 2021",20889,16394,221398
"Saturday, 7 August, 2021",19257,16322,224123
"Sunday, 8 August, 2021",18688,17055,225396
"Monday, 9 August, 2021",17236,15187,227233
"Tuesday, 10 August, 2021",19991,16258,230765
"Wednesday, 11 August, 2021",20780,17973,233361
"Thursday, 12 August, 2021",21668,17687,237024
"Friday, 13 August, 2021",21468,17025,241190
"Saturday, 14 August, 2021",20670,17655,243945
"Sunday, 15 August, 2021",20546,16945,247264
"Monday, 16 August, 2021",19740,17450,249280
"Tuesday, 17 August, 2021",19631,16467,252151
"Wednesday, 18 August, 2021",22242,19680,254488
"Thursday, 19 August, 2021",22948,21720,255538
"Friday, 20 August, 2021",23564,21448,257421
"Saturday, 21 August, 2021",22262,18576,260884
"Sunday, 22 August, 2021",19807,18200,262259
"Monday, 23 August, 2021",17672,19053,260704
"Tuesday, 24 August, 2021",20837,18613,262717
"Wednesday, 25 August, 2021",22642,20798,264296
"Thursday, 26 August, 2021",24599,22657,265845
"Friday, 27 August, 2021",22070,21877,265699
"Saturday, 28 August, 2021",22597,19492,268552
"Sunday, 29 August, 2021",20579,20845,268001
"Monday, 30 August, 2021",19268,21257,265718
"Tuesday, 31 August, 2021",20897,18465,267868
"Wednesday, 1 September, 2021",18762,21073,265279
"Thursday, 2 September, 2021",20988,23473,262545
"Friday, 3 September, 2021",19378,22399,259194
"Saturday, 4 September, 2021",19057,21582,256307
"Sunday, 5 September, 2021",20396,20573,255794
"Monday, 6 September, 2021",17352,20201,252673
"Tuesday, 7 September, 2021",18547,18902,252007
"Wednesday, 8 September, 2021",19733,22701,248678
"Thursday, 9 September, 2021",19307,24855,242808
"Friday, 10 September, 2021",21176,21476,242167
"Saturday, 11 September, 2021",19550,21771,239354
"Sunday, 12 September, 2021",19198,20980,237280
"Monday, 13 September, 2021",16073,24813,228127
"Tuesday, 14 September, 2021",15669,18053,225280
"Wednesday, 15 September, 2021",19495,18760,225593
"Thursday, 16 September, 2021",18815,16939,227123
"Friday, 17 September, 2021",17577,22970,221343
"Saturday, 18 September, 2021",15549,17205,219363
"Sunday, 19 September, 2021",14954,23469,210472
"Monday, 20 September, 2021",14345,16814,207702
"Tuesday, 21 September, 2021",15759,16650,206477
"Wednesday, 22 September, 2021",14990,19702,201278
"Thursday, 23 September, 2021",13754,16628,198288
"Friday, 24 September, 2021",14554,16751,195841
"Saturday, 25 September, 2021",13899,18074,191438
"Sunday, 26 September, 2021",13104,20971,183293
"Monday, 27 September, 2021",10959,16430,177564
"Tuesday, 28 September, 2021",11332,14160,174496
"Wednesday, 29 September, 2021",12434,17000,169722
"Thursday, 30 September, 2021",12735,17725,164540
"Friday, 1 October, 2021",11889,15891,160417
"Saturday, 2 October, 2021",10915,15396,155827
"Sunday, 3 October, 2021",9066,14454,150321
"Monday, 4 October, 2021",8075,15456,142864
"Tuesday, 5 October, 2021",8817,15615,135949
"Wednesday, 6 October, 2021",9380,13045,132179
"Thursday, 7 October, 2021",9890,12884,129053
"Friday, 8 October, 2021",9751,12724,126002
"Saturday, 9 October, 2021",8743,14422,120249
"Sunday, 10 October, 2021",7373,10959,116599
"Monday, 11 October, 2021",6709,10833,112382
"Tuesday, 12 October, 2021",7276,10555,109000
"Wednesday, 13 October, 2021",7950,10832,106050
"Thursday, 14 October, 2021",8084,12456,101590
"Friday, 15 October, 2021",7420,10145,98776
"Saturday, 16 October, 2021",7509,9531,96666
"Sunday, 17 October, 2021",6145,9231,93517
"Monday, 18 October, 2021",5434,8435,90444
"Tuesday, 19 October, 2021",5745,8933,87187
"Wednesday, 20 October, 2021",5516,9401,83226
"Thursday, 21 October, 2021",6210,7562,81778
"Friday, 22 October, 2021",6630,7630,80700
"Saturday, 23 October, 2021",5828,9178,77308
"Sunday, 24 October, 2021",5666,6978,75950
"Monday, 25 October, 2021",4782,7414,73226
"Tuesday, 26 October, 2021",5726,5607,73261
"Wednesday, 27 October, 2021",6148,7595,71716
"Thursday, 28 October, 2021",6377,6637,71361
"Friday, 29 October, 2021",6060,7297,70061
"Saturday, 30 October, 2021",5854,6715,69156
"Sunday, 31 October, 2021",4979,6127,67972
"Monday, 1 November, 2021",4626,5299,67236
"Tuesday, 2 November, 2021",5071,5372,66865
"Wednesday, 3 November, 2021",5291,4947,67163
"Thursday, 4 November, 2021",5713,5865,66947
"Friday, 5 November, 2021",4922,5579,66243
"Saturday, 6 November, 2021",4701,5382,65508
"Sunday, 7 November, 2021",4343,5190,64626
"Monday, 8 November, 2021",4543,7348,61763
"Tuesday, 9 November, 2021",5403,5311,61777
"Wednesday, 10 November, 2021",6243,5068,62893
"Thursday, 11 November, 2021",6323,5337,63830
"Friday, 12 November, 2021",6517,6026,64280
"Saturday, 13 November, 2021",5809,4712,65322
"Sunday, 14 November, 2021",5162,5019,65420
"Monday, 15 November, 2021",5143,4551,65959
"Tuesday, 16 November, 2021",5413,6013,65319
"Wednesday, 17 November, 2021",6288,4743,66796
"Thursday, 18 November, 2021",6380,5760,67361
"Friday, 19 November, 2021",6355,5031,68640
"Saturday, 20 November, 2021",5859,4970,69488
"Sunday, 21 November, 2021",4854,5525,68793
"Monday, 22 November, 2021",4885,5628,67987
"Tuesday, 23 November, 2021",5594,4908,68626
"Wednesday, 24 November, 2021",5755,5082,69262
"Thursday, 25 November, 2021",6144,6602,68756
"Friday, 26 November, 2021",5501,6664,67548
"Saturday, 27 November, 2021",5097,5352,67253
"Sunday, 28 November, 2021",4239,5007,66456
"Monday, 29 November, 2021",4087,4984,65498
"Tuesday, 30 November, 2021",4879,5168,65154
"Wednesday, 1 December, 2021",5439,6803,63741
"Thursday, 2 December, 2021",5806,7246,62254
"Friday, 3 December, 2021",5551,5301,62487
"Saturday, 4 December, 2021",4896,4676,62671
"Sunday, 5 December, 2021",4298,4928,62001
"Monday, 6 December, 2021",4262,5894,60331
"Tuesday, 7 December, 2021",4965,4817,60413
"Wednesday, 8 December, 2021",5020,4525,60880
"Thursday, 9 December, 2021",5446,5427,60858
"Friday, 10 December, 2021",5058,4997,60875
"Saturday, 11 December, 2021",4626,4690,60780
"Sunday, 12 December, 2021",3490,5399,58854
"Monday, 13 December, 2021",3504,4401,57928
"Tuesday, 14 December, 2021",4097,4301,57676
"Wednesday, 15 December, 2021",3900,4552,56991
"Thursday, 16 December, 2021",4262,4985,56231
"Friday, 17 December, 2021",4362,5098,55477
"Saturday, 18 December, 2021",4083,5435,54096
"Sunday, 19 December, 2021",3108,3701,53484
"Monday, 20 December, 2021",2589,3810,52220
"Tuesday, 21 December, 2021",3140,4277,51026
"Wednesday, 22 December, 2021",3519,5118,49397
"Thursday, 23 December, 2021",3510,4997,47866
"Friday, 24 December, 2021",3528,4483,46886
"Saturday, 25 December, 2021",3160,4420,45601
"Sunday, 26 December, 2021",2778,3539,44821
"Monday, 27 December, 2021",2757,4620,42923
"Tuesday, 28 December, 2021",2897,3434,42363
"Wednesday, 29 December, 2021",3683,4322,41688
"Thursday, 30 December, 2021",3997,3984,41667
"Friday, 31 December, 2021",3573,3988,41227
"Saturday, 1 January, 2022",3386,3547,41040
"Sunday, 2 January, 2022",2882,3291,40612
"Monday, 3 January, 2022",2690,3535,39739
"Tuesday, 4 January, 2022",2842,2862,39688
"Wednesday, 5 January, 2022",3270,3195,39745
"Thursday, 6 January, 2022",3543,3484,39785
"Friday, 7 January, 2022",3381,3447,39703
"Saturday, 8 January, 2022",3251,3161,39782
"Sunday, 9 January, 2022",2888,2714,39933
"Monday, 10 January, 2022",2641,2808,39748
"Tuesday, 11 January, 2022",3175,2977,39919
"Wednesday, 12 January, 2022",3198,3200,39902
"Thursday, 13 January, 2022",3684,3292,40282
"Friday, 14 January, 2022",3346,3052,40564
"Saturday, 15 January, 2022",3074,2828,40791
"Sunday, 16 January, 2022",3010,2584,41205
"Monday, 17 January, 2022",2342,2907,40624
"Tuesday, 18 January, 2022",3245,3093,40767
"Wednesday, 19 January, 2022",3229,2848,41135
"Thursday, 20 January, 2022",3764,3254,41623
"Friday, 21 January, 2022",4046,2804,42849
"Saturday, 22 January, 2022",4116,2858,44093
"Sunday, 23 January, 2022",3856,2814,45126
"Monday, 24 January, 2022",3214,3116,45214
"Tuesday, 25 January, 2022",4066,3559,45705
"Wednesday, 26 January, 2022",4744,3646,46791
"Thursday, 27 January, 2022",5439,4409,47811
"Friday, 28 January, 2022",5522,3285,50036
"Saturday, 29 January, 2022",5139,3767,51403
"Sunday, 30 January, 2022",4915,3056,53254
"Monday, 31 January, 2022",4774,3232,54783
"Tuesday, 1 February, 2022",5566,3187,57155
"Wednesday, 2 February, 2022",5736,3196,59688
"Thursday, 3 February, 2022",5720,3968,61432
"Friday, 4 February, 2022",7234,5254,63401
"Saturday, 5 February, 2022",9117,6546,65958
"Sunday, 6 February, 2022",10089,6460,69578
"Monday, 7 February, 2022",11034,6036,74567
"Tuesday, 8 February, 2022",13944,5421,83077
"Wednesday, 9 February, 2022",17134,5681,94521
"Thursday, 10 February, 2022",19090,5712,107889
"Friday, 11 February, 2022",20939,5807,122997
"Saturday, 12 February, 2022",22802,5442,140342
"Sunday, 13 February, 2022",21072,5724,155679
"Monday, 14 February, 2022",21315,8517,168453
"Tuesday, 15 February, 2022",22133,7584,182971
"Wednesday, 16 February, 2022",27831,7912,202869
"Thursday, 17 February, 2022",26701,11744,217787
"Friday, 18 February, 2022",27808,12488,233071
"Saturday, 19 February, 2022",28825,18514,243348
"Sunday, 20 February, 2022",26832,18459,251684
"Monday, 21 February, 2022",25099,17749,258991
"Tuesday, 22 February, 2022",27179,19037,267090
"Wednesday, 23 February, 2022",31199,20399,277835
"Thursday, 24 February, 2022",32070,23332,286527
"Friday, 25 February, 2022",30644,22678,294436
"Saturday, 26 February, 2022",27299,22710,298982
"Sunday, 27 February, 2022",24466,22380,301029
"Monday, 28 February, 2022",23100,30624,293430
"Tuesday, 1 March, 2022",25854,25548,293658
"Wednesday, 2 March, 2022",27500,27557,293486
"Thursday, 3 March, 2022",32467,27629,298238
"Friday, 4 March, 2022",33209,26352,305017
"Saturday, 5 March, 2022",33406,27143,311213
"Sunday, 6 March, 2022",27435,30335,308258
"Monday, 7 March, 2022",26856,30726,304311
"Tuesday, 8 March, 2022",31490,29035,306687
"Wednesday, 9 March, 2022",30246,26653,310167
"Thursday, 10 March, 2022",30787,26457,314427
"Friday, 11 March, 2022",32800,24444,322707
"Saturday, 12 March, 2022",26250,25089,323791
"Sunday, 13 March, 2022",22535,25356,320883
"Monday, 14 March, 2022",22030,33872,308949
"Tuesday, 15 March, 2022",26534,31234,304154
"Wednesday, 16 March, 2022",28298,33009,299338
"Thursday, 17 March, 2022",27004,29450,296806
"Friday, 18 March, 2022",24241,26615,294373
"Saturday, 19 March, 2022",22341,33347,283282
"Sunday, 20 March, 2022",19105,28250,274066
"Monday, 21 March, 2022",17828,28003,263828
"Tuesday, 22 March, 2022",21483,32561,252677
"Wednesday, 23 March, 2022",22491,26234,248869
"Thursday, 24 March, 2022",24316,25512,247609
"Friday, 25 March, 2022",21839,22324,247072
"Saturday, 26 March, 2022",20923,25467,242494
"Sunday, 27 March, 2022",16863,26171,233148
"Monday, 28 March, 2022",13336,25552,220878
"Tuesday, 29 March, 2022",15215,24152,211877
"Wednesday, 30 March, 2022",15941,21186,206599
"Thursday, 31 March, 2022",18560,18253,206862
"Friday, 1 April, 2022",17476,17321,206987
"Saturday, 2 April, 2022",14692,20383,201240
"Sunday, 3 April, 2022",12380,20635,192955
"Monday, 4 April, 2022",10002,23302,179627
"Tuesday, 5 April, 2022",12017,20431,171180
"Wednesday, 6 April, 2022",12105,21029,162224
"Thursday, 7 April, 2022",11994,16603,157579
"Friday, 8 April, 2022",14944,14045,158447
"Saturday, 9 April, 2022",10177,15132,153471
"Sunday, 10 April, 2022",8112,15765,145806
"Monday, 11 April, 2022",7739,19049,134477
"Tuesday, 12 April, 2022",9002,16986,126463
"Wednesday, 13 April, 2022",10052,15893,120600
"Thursday, 14 April, 2022",10413,13202,117793
"Friday, 15 April, 2022",9673,14267,113183
"Saturday, 16 April, 2022",9705,14346,108530
"Sunday, 17 April, 2022",6623,11233,103908
"Monday, 18 April, 2022",7140,14423,96609
"Tuesday, 19 April, 2022",6069,10619,92047
"Wednesday, 20 April, 2022",6968,8267,90732
"Thursday, 21 April, 2022",5899,8434,88192
"Friday, 22 April, 2022",6342,9111,85411
"Saturday, 23 April, 2022",5624,10041,80985
"Sunday, 24 April, 2022",4006,10223,74760
"Monday, 25 April, 2022",2478,9215,68015
"Tuesday, 26 April, 2022",3361,9484,61879
"Wednesday, 27 April, 2022",3471,6900,58444
"Thursday, 28 April, 2022",2935,7585,53784
"Friday, 29 April, 2022",2579,6055,50302
"Saturday, 30 April, 2022",2107,6890,45514
"Sunday, 1 May, 2022",1503,5839,41175
"Monday, 2 May, 2022",1352,6074,36448
"Tuesday, 3 May, 2022",922,5520,31841
"Wednesday, 4 May, 2022",1054,4107,28785
"Thursday, 5 May, 2022",1278,2599,27462
"Friday, 6 May, 2022",1251,3181,25525
"Saturday, 7 May, 2022",1372,3610,23284
"Sunday, 8 May, 2022",2153,2869,22564
"Monday, 9 May, 2022",2246,2433,22376
"Tuesday, 10 May, 2022",2605,2014,22961
"Wednesday, 11 May, 2022",3321,1416,24858
"Thursday, 12 May, 2022",3410,1430,26834
"Friday, 13 May, 2022",3029,1116,28742
"Saturday, 14 May, 2022",2373,1340,29770
"Sunday, 15 May, 2022",2239,1263,30743
"Monday, 16 May, 2022",1697,1548,30887
"Tuesday, 17 May, 2022",1469,1836,30517
"Wednesday, 18 May, 2022",2017,2548,29979
"Thursday, 19 May, 2022",2124,2303,29797
"Friday, 20 May, 2022",2063,2618,29237
"Saturday, 21 May, 2022",2021,3162,28093
"Sunday, 22 May, 2022",1817,3389,26519
"Monday, 23 May, 2022",1544,2905,25156
"Tuesday, 24 May, 2022",1918,2124,24948
"Wednesday, 25 May, 2022",2430,2192,25180
"Thursday, 26 May, 2022",1845,1825,25197
"Friday, 27 May, 2022",1877,1680,25392
"Saturday, 28 May, 2022",1645,1809,25226
"Sunday, 29 May, 2022",1155,1975,24401
"Monday, 30 May, 2022",1325,1935,23787
"Tuesday, 31 May, 2022",1451,2071,23160
"Wednesday, 1 June, 2022",1809,1911,23056
"Thursday, 2 June, 2022",1877,1715,23216
"Friday, 3 June, 2022",1844,2005,23054
"Saturday, 4 June, 2022",1591,2185,22455
"Sunday, 5 June, 2022",1358,1620,22191
"Monday, 6 June, 2022",1330,1881,21638
"Tuesday, 7 June, 2022",1128,1547,21210
"Wednesday, 8 June, 2022",1518,1125,21597
"Thursday, 9 June, 2022",1887,1399,22082
"Friday, 10 June, 2022",2166,1488,22759
"Saturday, 11 June, 2022",1709,1746,22720
"Sunday, 12 June, 2022",1571,1887,22403
"Monday, 13 June, 2022",2092,1876,22615
"Tuesday, 14 June, 2022",1922,1564,22969
"Wednesday, 15 June, 2022",2320,1390,23894
"Thursday, 16 June, 2022",2033,1337,24585
"Friday, 17 June, 2022",2130,1080,25634
"Saturday, 18 June, 2022",2127,1390,26370
"Sunday, 19 June, 2022",1690,2108,25952
"Monday, 20 June, 2022",2093,2082,25960
"Tuesday, 21 June, 2022",1921,1716,26163
"Wednesday, 22 June, 2022",2425,1550,27034
"Thursday, 23 June, 2022",2796,2503,27326
"Friday, 24 June, 2022",2512,1580,28255
"Saturday, 25 June, 2022",2302,2539,28018
"Sunday, 26 June, 2022",2003,1861,28159
"Monday, 27 June, 2022",1894,1944,28101
"Tuesday, 28 June, 2022",2025,2367,27755
"Wednesday, 29 June, 2022",2605,1633,28722
"Thursday, 30 June, 2022",2867,2145,29442
"Friday, 1 July, 2022",2773,1984,30225
"Saturday, 2 July, 2022",2527,2359,30393
"Sunday, 3 July, 2022",2536,3123,29801
"Monday, 4 July, 2022",1918,2321,29390
"Tuesday, 5 July, 2022",2932,2292,30027
"Wednesday, 6 July, 2022",3561,2035,31548
"Thursday, 7 July, 2022",4020,1718,33847
"Friday, 8 July, 2022",3589,2224,35206
"Saturday, 9 July, 2022",2799,2666,35331
"Sunday, 10 July, 2022",3264,2703,35890
"Monday, 11 July, 2022",2417,2536,35766
"Tuesday, 12 July, 2022",2345,2384,35724
"Wednesday, 13 July, 2022",3934,2747,36902
"Thursday, 14 July, 2022",4098,2071,38921
"Friday, 15 July, 2022",5230,2927,41216
"Saturday, 16 July, 2022",5047,3770,42489
"Sunday, 17 July, 2022",3936,3899,42519
"Monday, 18 July, 2022",3080,3399,42193
"Tuesday, 19 July, 2022",3902,2935,43152
"Wednesday, 20 July, 2022",5685,3337,45492
"Thursday, 21 July, 2022",4587,2652,47417
"Friday, 22 July, 2022",3880,2607,48676
"Saturday, 23 July, 2022",4816,3928,49555
"Sunday, 24 July, 2022",2720,4012,48260
"Monday, 25 July, 2022",3300,5227,46324
"Tuesday, 26 July, 2022",4759,4806,46268
"Wednesday, 27 July, 2022",4503,3847,46914
"Thursday, 28 July, 2022",3926,3542,47294
"Friday, 29 July, 2022",4860,3836,48308
"Saturday, 30 July, 2022",4271,5553,47022
"Sunday, 31 July, 2022",2783,4482,45314
"Monday, 1 August, 2022",3213,3847,44672
"Tuesday, 2 August, 2022",4204,4582,44286
"Wednesday, 3 August, 2022",5330,3075,46531
"Thursday, 4 August, 2022",4413,3394,47542
"Friday, 5 August, 2022",3927,4949,46514
"Saturday, 6 August, 2022",4684,4275,46912
"Sunday, 7 August, 2022",2728,3856,45778
"Monday, 8 August, 2022",2863,4752,43883
"Tuesday, 9 August, 2022",3083,4229,42725
"Wednesday, 10 August, 2022",4896,2979,44630
"Thursday, 11 August, 2022",4831,3362,46089
"Friday, 12 August, 2022",3943,4645,45383
"Saturday, 13 August, 2022",4334,5082,44625
"Sunday, 14 August, 2022",3045,4226,43439
"Monday, 15 August, 2022",2437,3658,42210
"Tuesday, 16 August, 2022",3429,4882,40748
"Wednesday, 17 August, 2022",3516,2541,41708
"Thursday, 18 August, 2022",4071,3289,42483
"Friday, 19 August, 2022",3490,3193,42774
"Saturday, 20 August, 2022",2798,4669,40897
"Sunday, 21 August, 2022",2464,4427,38925
"Monday, 22 August, 2022",2078,3290,37703
"Tuesday, 23 August, 2022",2722,4856,35558
"Wednesday, 24 August, 2022",2636,3206,34977
"Thursday, 25 August, 2022",3206,2180,35995
"Friday, 26 August, 2022",3118,3363,35744
"Saturday, 27 August, 2022",2491,3715,34515
"Sunday, 28 August, 2022",2191,3796,32908
"Monday, 29 August, 2022",1946,3271,31575
"Tuesday, 30 August, 2022",2144,2549,31166
"Wednesday, 31 August, 2022",2340,2502,30998
"Thursday, 1 September, 2022",2356,1875,31470
"Friday, 2 September, 2022",2328,2618,31171
"Saturday, 3 September, 2022",2244,3202,30204
"Sunday, 4 September, 2022",1904,3138,28968
"Monday, 5 September, 2022",1486,2897,27553
"Tuesday, 6 September, 2022",2067,2279,27335
"Wednesday, 7 September, 2022",2428,2673,27083
"Thursday, 8 September, 2022",2226,1894,27407
"Friday, 9 September, 2022",1990,2016,27377
"Saturday, 10 September, 2022",1971,2389,26956
"Sunday, 11 September, 2022",1483,2090,26346
"Monday, 12 September, 2022",1847,2148,26040
"Tuesday, 13 September, 2022",1942,2276,25700
"Wednesday, 14 September, 2022",2431,1820,26306
"Thursday, 15 September, 2022",2375,1466,27212
"Friday, 16 September, 2022",1977,2018,27165
"Saturday, 17 September, 2022",1572,2695,26039
"Sunday, 18 September, 2022",1639,2056,25618
"Monday, 19 September, 2022",1307,1830,25090
"Tuesday, 20 September, 2022",1667,2028,24722
"Wednesday, 21 September, 2022",2111,1493,25334
"Thursday, 22 September, 2022",2245,1901,25666
"Friday, 23 September, 2022",2070,2009,25724
"Saturday, 24 September, 2022",1924,2360,25285
"Sunday, 25 September, 2022",1608,2352,24539
"Monday, 26 September, 2022",1186,1690,24028
"Tuesday, 27 September, 2022",1552,1684,23890
"Wednesday, 28 September, 2022",2445,1613,24720
"Thursday, 29 September, 2022",1867,1402,25181
"Friday, 30 September, 2022",2007,1407,25776
"Saturday, 1 October, 2022",1626,2386,25016
"Sunday, 2 October, 2022",1360,2271,24104
"Monday, 3 October, 2022",1244,2005,23338
"Tuesday, 4 October, 2022",1483,1852,22964
"Wednesday, 5 October, 2022",1722,1639,23045
"Thursday, 6 October, 2022",1794,1227,23608
"Friday, 7 October, 2022",1788,1509,23884
"Saturday, 8 October, 2022",1627,2379,23128
"Sunday, 9 October, 2022",1453,1800,22779
"Monday, 10 October, 2022",1241,1843,22174
"Tuesday, 11 October, 2022",1291,1592,21870
"Wednesday, 12 October, 2022",1628,1345,22152
"Thursday, 13 October, 2022",2090,1428,22811
"Friday, 14 October, 2022",2231,1473,23564
"Saturday, 15 October, 2022",2023,1699,23888
"Sunday, 16 October, 2022",1712,1699,23899
"Monday, 17 October, 2022",1210,2026,23077
"Tuesday, 18 October, 2022",1873,1515,23432
"Wednesday, 19 October, 2022",2295,1386,24338
"Thursday, 20 October, 2022",2561,1248,25643
"Friday, 21 October, 2022",2256,1363,26533
"Saturday, 22 October, 2022",2618,1841,27306
"Sunday, 23 October, 2022",2054,1975,27385
"Monday, 24 October, 2022",1737,2118,27001
"Tuesday, 25 October, 2022",1743,1935,26804
"Wednesday, 26 October, 2022",2136,1695,27239
"Thursday, 27 October, 2022",2762,1271,28726
"Friday, 28 October, 2022",3296,1960,30061
"Saturday, 29 October, 2022",3189,2541,30708
"Sunday, 30 October, 2022",3129,2464,31371
"Monday, 31 October, 2022",2913,2833,31442
"Tuesday, 1 November, 2022",2913,2599,31753
"Wednesday, 2 November, 2022",3969,2696,33024
"Thursday, 3 November, 2022",4711,3120,34604
"Friday, 4 November, 2022",4360,3429,35534
"Saturday, 5 November, 2022",4621,3577,36577
"Sunday, 6 November, 2022",3913,3774,36711
"Monday, 7 November, 2022",2521,4514,34710
"Tuesday, 8 November, 2022",3781,2889,35593
"Wednesday, 9 November, 2022",3267,3947,34903
"Thursday, 10 November, 2022",3436,4292,34039
"Friday, 11 November, 2022",3245,4208,33072
"Saturday, 12 November, 2022",2882,4730,31215
"Sunday, 13 November, 2022",2234,3836,29611
"Monday, 14 November, 2022",1749,2564,28790
"Tuesday, 15 November, 2022",2852,3710,27920
"Wednesday, 16 November, 2022",3304,3045,28171
"Thursday, 17 November, 2022",3457,3736,27883
"Friday, 18 November, 2022",3037,3198,27717
"Saturday, 19 November, 2022",2450,3000,27162
"Sunday, 20 November, 2022",1633,1989,26804
"Monday, 21 November, 2022",2121,1764,27147
"Tuesday, 22 November, 2022",2516,2643,27009
"Wednesday, 23 November, 2022",3537,3319,27219
"Thursday, 24 November, 2022",2877,3226,26862
"Friday, 25 November, 2022",3024,2969,26909
"Saturday, 26 November, 2022",2898,2789,27014
"Sunday, 27 November, 2022",2022,1819,27213
"Monday, 28 November, 2022",2465,2029,27644
"Tuesday, 29 November, 2022",1672,2722,26584
"Wednesday, 30 November, 2022",1737,3338,24966
"Thursday, 1 December, 2022",2375,2857,24473
"Friday, 2 December, 2022",2421,2826,24059
"Saturday, 3 December, 2022",1866,2814,23105
"Sunday, 4 December, 2022",1502,2093,22511
"Monday, 5 December, 2022",1576,2278,21806
"Tuesday, 6 December, 2022",1649,1675,21764
"Wednesday, 7 December, 2022",1682,1428,22012
"Thursday, 8 December, 2022",1616,2145,21479
"Friday, 9 December, 2022",1597,2596,20474
"Saturday, 10 December, 2022",1315,2601,19183
"Sunday, 11 December, 2022",867,1313,18727
"Monday, 12 December, 2022",809,1552,17978
"Tuesday, 13 December, 2022",1040,1456,17553
"Wednesday, 14 December, 2022",1241,1567,17221
"Thursday, 15 December, 2022",1161,1562,16817
"Friday, 16 December, 2022",1138,1420,16527
"Saturday, 17 December, 2022",993,1460,16055
"Sunday, 18 December, 2022",847,1154,15742
"Monday, 19 December, 2022",721,914,15547
"Tuesday, 20 December, 2022",816,940,15417
"Wednesday, 21 December, 2022",984,1534,14860
"Thursday, 22 December, 2022",858,1114,14601
"Friday, 23 December, 2022",902,1104,14393
"Saturday, 24 December, 2022",766,1026,14132
"Sunday, 25 December, 2022",609,737,14004
"Monday, 26 December, 2022",480,655,13825
"Tuesday, 27 December, 2022",423,834,13408
"Wednesday, 28 December, 2022",480,957,12927
"Thursday, 29 December, 2022",679,923,12677
"Friday, 30 December, 2022",583,930,12329
"Saturday, 31 December, 2022",513,833,12008
"Sunday, 1 January, 2023",420,547,11877
"Monday, 2 January, 2023",360,423,11813
"Tuesday, 3 January, 2023",333,376,11769
"Wednesday, 4 January, 2023",433,500,11702
"Thursday, 5 January, 2023",571,696,11570
"Friday, 6 January, 2023",543,1478,10631
"Saturday, 7 January, 2023",571,551,10647
"Sunday, 8 January, 2023",405,441,10610
"Monday, 9 January, 2023",383,355,10630
"Tuesday, 10 January, 2023",380,373,10628
"Wednesday, 11 January, 2023",367,398,10588
"Thursday, 12 January, 2023",383,625,10342
"Friday, 13 January, 2023",320,506,10153
"Saturday, 14 January, 2023",287,590,9850
"Sunday, 15 January, 2023",244,401,9693
"Monday, 16 January, 2023",227,367,9547
"Tuesday, 17 January, 2023",350,349,9543
"Wednesday, 18 January, 2023",371,304,9606
"Thursday, 19 January, 2023",318,331,9593
"Friday, 20 January, 2023",285,300,9571
"Saturday, 21 January, 2023",293,326,9536
"Sunday, 22 January, 2023",309,292,9553
"Monday, 23 January, 2023",142,267,9428
"Tuesday, 24 January, 2023",101,315,9214
"Wednesday, 25 January, 2023",132,346,8999
"Thursday, 26 January, 2023",172,325,8843
"Friday, 27 January, 2023",236,312,8765
"Saturday, 28 January, 2023",258,309,8712
"Sunday, 29 January, 2023",269,285,8696
"Monday, 30 January, 2023",202,141,8755
"Tuesday, 31 January, 2023",251,105,8901
"Wednesday, 1 February, 2023",325,113,9113
"Thursday, 2 February, 2023",324,148,9289
"Friday, 3 February, 2023",340,416,9213
"Saturday, 4 February, 2023",202,275,9139
"Sunday, 5 February, 2023",211,789,8561
"Monday, 6 February, 2023",175,1013,7722
"Tuesday, 7 February, 2023",184,253,7651
"Wednesday, 8 February, 2023",189,279,7561
"Thursday, 9 February, 2023",269,375,7455
"Friday, 10 February, 2023",255,306,7400
"Saturday, 11 February, 2023",259,390,7268
"Sunday, 12 February, 2023",160,358,7070
"Monday, 13 February, 2023",164,254,6979
"Tuesday, 14 February, 2023",200,155,7023
"Wednesday, 15 February, 2023",237,215,7044
"Thursday, 16 February, 2023",281,257,7068
"Friday, 17 February, 2023",241,235,7074
"Saturday, 18 February, 2023",212,310,6975
"Sunday, 19 February, 2023",186,158,7002
"Monday, 20 February, 2023",167,169,6999
"Tuesday, 21 February, 2023",184,192,6991
"Wednesday, 22 February, 2023",229,227,6993
"Thursday, 23 February, 2023",224,278,6939
"Friday, 24 February, 2023",204,254,6889
"Saturday, 25 February, 2023",173,219,6843
"Sunday, 26 February, 2023",207,175,6875
"Monday, 27 February, 2023",190,177,6888
"Tuesday, 28 February, 2023",206,176,6917
"Wednesday, 1 March, 2023",217,233,6899
"Thursday, 2 March, 2023",244,0,7138
"Friday, 3 March, 2023",204,213,7129
"Saturday, 4 March, 2023",170,178,7121
"Sunday, 5 March, 2023",164,820,6464
"Monday, 6 March, 2023",188,181,6471
"Tuesday, 7 March, 2023",226,202,6495
"Wednesday, 8 March, 2023",235,216,6513
"Thursday, 9 March, 2023",279,236,6556
"Friday, 10 March, 2023",251,197,6610
"Saturday, 11 March, 2023",223,193,6640
"Sunday, 12 March, 2023",227,167,6699
"Monday, 13 March, 2023",217,171,6745
"Tuesday, 14 March, 2023",269,231,6781
"Wednesday, 15 March, 2023",273,252,6801
"Thursday, 16 March, 2023",311,261,6850
"Friday, 17 March, 2023",281,249,6882
"Saturday, 18 March, 2023",270,235,6917
"Sunday, 19 March, 2023",257,219,6955
"Monday, 20 March, 2023",197,224,6926
"Tuesday, 21 March, 2023",320,284,6962
"Wednesday, 22 March, 2023",367,297,7031
"Thursday, 23 March, 2023",346,281,7096
"Friday, 24 March, 2023",386,269,7210
"Saturday, 25 March, 2023",355,257,7307
"Sunday, 26 March, 2023",327,0,7634
"Monday, 27 March, 2023",226,0,7858
"Tuesday, 28 March, 2023",357,330,7884
"Wednesday, 29 March, 2023",461,362,7982
"Thursday, 30 March, 2023",493,337,8138
"Friday, 31 March, 2023",606,397,8347
"Saturday, 1 April, 2023",599,375,8570
"Sunday, 2 April, 2023",430,327,8673
"Monday, 3 April, 2023",458,229,8900
"Tuesday, 4 April, 2023",611,359,9149
"Wednesday, 5 April, 2023",747,496,9399
"Thursday, 6 April, 2023",805,0,10199
"Friday, 7 April, 2023",797,596,10399
"Saturday, 8 April, 2023",726,584,10541
"Sunday, 9 April, 2023",517,419,10639
"Monday, 10 April, 2023",539,467,10710
"Tuesday, 11 April, 2023",598,0,11307
"Wednesday, 12 April, 2023",900,690,11517
"Thursday, 13 April, 2023",875,790,11602
"Friday, 14 April, 2023",839,783,11657
"Saturday, 15 April, 2023",881,760,11777
"Sunday, 16 April, 2023",739,534,11982
"Monday, 17 April, 2023",490,554,11915
"Tuesday, 18 April, 2023",790,669,12032
"Wednesday, 19 April, 2023",784,855,11959
"Thursday, 20 April, 2023",750,817,11892
"Friday, 21 April, 2023",702,852,11741
"Saturday, 22 April, 2023",562,881,11421
"Sunday, 23 April, 2023",449,718,11152
"Monday, 24 April, 2023",387,480,11059
"Tuesday, 25 April, 2023",561,782,10835
"Wednesday, 26 April, 2023",617,809,10640
"Thursday, 27 April, 2023",832,762,10706
"Friday, 28 April, 2023",1067,673,11098
"Saturday, 29 April, 2023",1050,600,11548
"Sunday, 30 April, 2023",968,469,12046
"Monday, 1 May, 2023",793,401,12436
"Tuesday, 2 May, 2023",793,0,13225
"Wednesday, 3 May, 2023",1353,0,14573
"Thursday, 4 May, 2023",1409,913,15068
"Friday, 5 May, 2023",1170,1003,15232
"Saturday, 6 May, 2023",1110,1112,15228
"Sunday, 7 May, 2023",977,917,15288
"Monday, 8 May, 2023",1046,809,15523
"Tuesday, 9 May, 2023",1261,0,16780
"Wednesday, 10 May, 2023",1433,1333,16876
"Thursday, 11 May, 2023",1329,0,18200
"Friday, 12 May, 2023",1322,0,19520
"Saturday, 13 May, 2023",1205,1248,19472
"Sunday, 14 May, 2023",740,883,19328
"Monday, 15 May, 2023",740,1029,19035
"Tuesday, 16 May, 2023",1064,1288,18803
"Wednesday, 17 May, 2023",1019,1353,18466
"Thursday, 18 May, 2023",1119,1249,18334
"Friday, 19 May, 2023",971,1309,17993
"Saturday, 20 May, 2023",786,1272,17504
"Sunday, 21 May, 2023",749,745,17503
"Monday, 22 May, 2023",653,758,17397
"Tuesday, 23 May, 2023",947,1056,17286
"Wednesday, 24 May, 2023",1001,1048,17237
"Thursday, 25 May, 2023",843,1056,17022
"Friday, 26 May, 2023",826,954,16890
"Saturday, 27 May, 2023",782,779,16892
"Sunday, 28 May, 2023",582,731,16743
"Monday, 29 May, 2023",513,657,16595
"Tuesday, 30 May, 2023",779,905,16465
"Wednesday, 31 May, 2023",745,959,16248
"Thursday, 1 June, 2023",666,0,16912
"Friday, 2 June, 2023",669,0,17579
"Saturday, 3 June, 2023",569,845,17303
"Sunday, 4 June, 2023",460,1063,16697
"Monday, 5 June, 2023",344,532,16509
"Tuesday, 6 June, 2023",427,752,16183
"Wednesday, 7 June, 2023",660,0,16841
"Thursday, 8 June, 2023",681,0,17521
"Friday, 9 June, 2023",624,0,18143
"Saturday, 10 June, 2023",618,626,18134
"Sunday, 11 June, 2023",512,441,18202
"Monday, 12 June, 2023",352,372,18180
"Tuesday, 13 June, 2023",573,451,18302
"Wednesday, 14 June, 2023",536,643,18194
"Thursday, 15 June, 2023",466,628,18031
"Friday, 16 June, 2023",594,651,17971
"Saturday, 17 June, 2023",400,630,17741
"Sunday, 18 June, 2023",366,462,17645
"Monday, 19 June, 2023",284,542,17385
"Tuesday, 20 June, 2023",416,655,17143
"Wednesday, 21 June, 2023",449,668,16922
"Thursday, 22 June, 2023",417,596,16743
"Friday, 23 June, 2023",425,661,16504
"Saturday, 24 June, 2023",341,541,16303
"Sunday, 25 June, 2023",278,552,16029
"Monday, 26 June, 2023",160,315,15874
"Tuesday, 27 June, 2023",282,436,15720
"Wednesday, 28 June, 2023",252,444,15528
"Thursday, 29 June, 2023",223,417,15334
"Friday, 30 June, 2023",182,398,15118
"Saturday, 1 July, 2023",171,333,14954
"Sunday, 2 July, 2023",121,248,14827
"Monday, 3 July, 2023",180,145,14862
"Tuesday, 4 July, 2023",175,325,14710
"Wednesday, 5 July, 2023",199,253,14656
"Thursday, 6 July, 2023",224,960,13918
"Friday, 7 July, 2023",184,180,13920
"Saturday, 8 July, 2023",139,167,13892
"Sunday, 9 July, 2023",137,114,13915
"Monday, 10 July, 2023",142,174,13883
"Tuesday, 11 July, 2023",178,182,13877
"Wednesday, 12 July, 2023",200,191,13886
"Thursday, 13 July, 2023",170,241,13815
"Friday, 14 July, 2023",202,182,13835
"Saturday, 15 July, 2023",173,141,13867
"Sunday, 16 July, 2023",140,122,13885
"Monday, 17 July, 2023",122,153,13854
"Tuesday, 18 July, 2023",156,215,13795
"Wednesday, 19 July, 2023",159,162,13791
"Thursday, 20 July, 2023",123,159,13754
"Friday, 21 July, 2023",129,196,13687
"Saturday, 22 July, 2023",129,189,13626
"Sunday, 23 July, 2023",96,118,13604
"Monday, 24 July, 2023",102,119,13586
"Tuesday, 25 July, 2023",139,170,13555
"Wednesday, 26 July, 2023",171,156,13570
"Thursday, 27 July, 2023",177,161,13586
"Friday, 28 July, 2023",119,123,13582
"Saturday, 29 July, 2023",130,115,13597
"Sunday, 30 July, 2023",58,103,13552
"Monday, 31 July, 2023",65,103,13514
"Tuesday, 1 August, 2023",117,149,13482
"Wednesday, 2 August, 2023",117,160,13439
"Thursday, 3 August, 2023",104,177,13366
"Friday, 4 August, 2023",129,110,13384
"Saturday, 5 August, 2023",105,128,13361
"Sunday, 6 August, 2023",73,700,12734
"Monday, 7 August, 2023",57,84,12707
"Tuesday, 8 August, 2023",67,113,12661
"Wednesday, 9 August, 2023",97,111,12647
"Thursday, 10 August, 2023",109,101,12655
"Friday, 11 August, 2023",106,137,12624
"Saturday, 12 August, 2023",73,96,12601
"Sunday, 13 August, 2023",77,71,12607
"Monday, 14 August, 2023",75,65,12617
"Tuesday, 15 August, 2023",106,70,12653
"Wednesday, 16 August, 2023",131,94,12690
"Thursday, 17 August, 2023",94,111,12673
"Friday, 18 August, 2023",113,110,12676
"Saturday, 19 August, 2023",114,65,12725
"Sunday, 20 August, 2023",70,72,12723
"Monday, 21 August, 2023",72,79,12716
"Tuesday, 22 August, 2023",105,118,12703
"Wednesday, 23 August, 2023",136,126,12713
"Thursday, 24 August, 2023",107,94,12726
"Friday, 25 August, 2023",116,106,12736
"Saturday, 26 August, 2023",90,111,12715
"Sunday, 27 August, 2023",73,70,12718
"Monday, 28 August, 2023",66,76,12708
"Tuesday, 29 August, 2023",86,114,12680
"Wednesday, 30 August, 2023",107,130,12657
"Thursday, 31 August, 2023",81,112,12626
"Friday, 1 September, 2023",67,114,12579
"Saturday, 2 September, 2023",57,97,12539
"Sunday, 3 September, 2023",77,66,12549
"Monday, 4 September, 2023",57,63,12542
"Tuesday, 5 September, 2023",118,926,11734
"Wednesday, 6 September, 2023",101,748,11087
"Thursday, 7 September, 2023",111,88,11110
"Friday, 8 September, 2023",108,63,11155
"Saturday, 9 September, 2023",108,53,11210
"Sunday, 10 September, 2023",88,74,11224
"Monday, 11 September, 2023",71,66,11229
"Tuesday, 12 September, 2023",128,127,11229
"Wednesday, 13 September, 2023",125,93,11261
"Thursday, 14 September, 2023",122,109,11271
"Friday, 15 September, 2023",103,107,11267
"Saturday, 16 September, 2023",91,116,11242
"Sunday, 17 September, 2023",86,76,11251
"Monday, 18 September, 2023",55,70,11236
"Tuesday, 19 September, 2023",95,138,11193
"Wednesday, 20 September, 2023",122,115,11200
"Thursday, 21 September, 2023",129,124,11205
"Friday, 22 September, 2023",117,108,11214
"Saturday, 23 September, 2023",87,89,11212
"Sunday, 24 September, 2023",74,80,11206
"Monday, 25 September, 2023",62,52,11216
"Tuesday, 26 September, 2023",166,98,11282
"Wednesday, 27 September, 2023",155,128,11309
"Thursday, 28 September, 2023",130,130,11309
"Friday, 29 September, 2023",99,115,11292
"Saturday, 30 September, 2023",97,91,11298
